,Year,Average CPI
0,2007,207.34241666666665
12,2008,215.3025
24,2009,214.537
36,2010,218.05550000000002
48,2011,224.93916666666667
60,2012,229.59391666666667
72,2013,232.95708333333334
84,2014,236.73616666666666
96,2015,237.01700000000002
108,2016,240.00716666666665
120,2017,245.11958333333334
132,2018,251.10683333333336
144,2019,255.65741666666668
156,2020,258.8111666666667
168,2021,267.20300000000003
